x1,x2,x3,x4,x5,x6,x7,x8,n,o1,o2
0.56370355541059,0.1751331725042,0.152900354542257,0.567974003296333,0.0105908289601052,0.587684143608289,0.28167656403113,0.972595022047216,4.99547011125622,5359.06097426534,-106.030609078922
0.794418089461708,0.168712561097328,0.206111834480479,0.596555338518953,0.198111829440162,0.585633526828901,0.58774145813088,0.534423713355523,1.66437882402184,2489.23511340301,-46.5213599992392
0.0949069527419782,0.124105323629503,0.429870391464732,0.253829207389536,0.0265227649484401,0.772514470281319,0.304525496579951,0.351551628835291,4.17905020116784,1470.73482611716,-54.516360309299
0.141761321640462,0.324874230346118,0.53374723090499,0.371415931438755,0.905870862261332,0.222162782783696,0.784571031008182,0.539057394275003,2.71114798714926,6923.47057676579,-75.1867702470477
0.447106481272311,0.0916726994755085,0.318931809775034,0.300502373976867,0.197267868647942,0.315133502387969,0.760486642718542,0.74194191151389,2.08445329083337,1938.13233022371,-31.928684459035
0.392444679230659,0.330691705611857,0.265104448546238,0.51185468561568,0.150635564769914,0.201300877240161,0.709283635350542,0.750413182540989,6.23391482198328,8095.56475516339,-143.677580444574
0.0949069527419782,0.122796064243666,0.429870391464732,0.253829207389536,0.0265227649484401,0.772514470281319,0.00533055862457471,0.352479594321563,4.17905020116784,1470.73482611716,-54.516360309299
0.447106481272311,0.0916726994755085,0.565150426814268,0.300502373976867,0.196439500331006,0.331099202589171,0.760486642718542,0.245552193136619,2.21231054520041,567.912082917362,-42.3645699742497
0.181046590293314,0.500057216035229,0.0534745417784315,0.0270876979955058,0.726448669840894,0.303061181820492,0.498281206730826,0.374288357502915,7.26172003152704,7837.76831215095,-86.8980212213301
0.456108429806631,0.0916726994755085,0.322697121265644,0.300502373976867,0.125437653940188,0.302339309293484,0.762295962023853,0.74194191151389,3.7659554621463,5017.83972492663,-67.6166884093821
0.486221387743122,0.690435127211006,0.482385171405244,0.556699709760351,0.266751856407617,0.966607420598635,0.816194051502197,0.0893730731165843,2.10667041931012,3356.16601226294,-91.958790191494
0.102359955420098,0.124105323629503,0.418633250094794,0.267738329567397,0.0265227649484401,0.773289789956591,0.275428756974421,0.351551628835291,4.17905020116784,1477.69617471439,-55.2682825950918
0.209483536723214,0.700446112407579,0.522486891393167,0.103688355200496,0.109109265314932,0.886462964268386,0.617755588557784,0.309027002337488,2.31130496194181,4508.40415395027,-68.2630883788783
0.348397234616986,0.289427390319974,0.409748881428875,0.274879727156556,0.199099103152415,0.0240175733454607,0.845036349187156,0.704646044738892,7.00285674855191,8616.43545354228,-147.335586507735
0.450791084774809,0.186795679885974,0.903961560773803,0.588011270017082,0.544438097809944,0.337235342587923,0.643795945174319,0.9039595373644,5.02307569712834,5162.27146681048,-210.721720827478
0.589182121709621,0.0916726994755085,0.820617117017754,0.301429579831424,0.209473549749606,0.0599150036950145,0.737908895075296,0.709033291580441,2.08445329083337,2539.3340390787,-64.23073255791
0.440128782747292,0.321500891969307,0.344916075592551,0.128018378627738,0.315711566394061,0.321230724897177,0.153133795767992,0.741382233749052,11.8133331215071,9032.32102071355,-227.6605724684
0.181046590293314,0.428082245260284,0.0534745417784315,0.858961745022248,0.32329125984282,0.0393979828646464,0.7347746672512,0.717462826914805,4.50225920414895,4888.2640037251,-120.478212006787
0.457963671547434,0.733044911905076,0.341699753966602,0.779544413047932,0.741129995098163,0.59593104133193,0.94549271601508,0.0656241206103104,1.51814152919178,3489.76545400485,-91.5273469322733
0.228482023919226,0.138388254744182,0.112592548650034,0.673945444949877,0.767537374406838,0.849178504594219,0.869512334870879,0.760449585858942,1.95742472678303,4223.35382278991,-29.9490928525959
0.200817349926018,0.258091283150991,0.130690657594563,0.570627596029373,0.357766829131994,0.047573811396758,0.646121588836481,0.578041382403132,9.14721467352808,11549.7935411739,-159.0488431179
0.621899064454203,0.276648708282341,0.418055136417064,0.00169994123359208,0.953511516076285,0.987665635993549,0.213483908778748,0.674001301021316,3.79740614108621,10319.3309273937,-92.7158975473971
0.775479516375568,0.379013155297848,0.109035450084617,0.774767781502925,0.637357234320304,0.712999125343281,0.208109120935252,0.76781016996494,2.42022270123485,4638.04397260256,-60.8603240632106
0.162584448774617,0.460194295486526,0.430656809560329,0.74376319988806,0.106701053728676,0.871215724791966,0.929684594706485,0.680560369361453,2.94811926779715,6269.42779789428,-100.621244205477
0.384209287997433,0.745128400970776,0.327477854363377,0.434564835128637,0.549345533153669,0.541689486029413,0.567876248884889,0.712448456190735,4.34910309750079,9808.61407850105,-148.394310703756
0.769157914802971,0.031716316487508,0.272312101569172,0.237819725292651,0.845083186796439,0.956796864958851,0.573847749072056,0.82389983293782,1.3175447659183,1180.95443123017,-15.119042621943
0.0895137982859806,0.219865493578774,0.362797731702587,0.0628292565526577,0.0365425176157348,0.353216306470901,0.245671918264437,0.164576238097891,7.18881470532567,3319.58677773724,-78.6091774526393
0.0870746494223242,0.220855463895143,0.362797731702587,0.0250339011620759,0.0365425176157348,0.351214618593694,0.60128278890103,0.164576238097891,5.9336194457097,2913.56352173262,-65.8446848911687
0.164074202809053,0.455780982121831,0.744275741658915,0.708006180128488,0.106701053728676,0.871215724791966,0.67727332654709,0.680560369361453,2.43131338463594,3511.19129690771,-88.830454774487
0.200817349926018,0.258091283150991,0.160752868297457,0.570627596029373,0.357766829131994,0.0452796152727452,0.646121588836481,0.589986260061718,9.14721467352808,11348.1922713201,-164.592852664568
0.769157914802971,0.031716316487508,0.272312101569172,0.237819725292651,0.845083186796439,0.956796864958851,0.573847749072056,0.82389983293782,1.3175447659183,1180.95443123017,-15.119042621943
0.621899064454203,0.227131449493391,0.418055136417064,0.00169994123359208,0.953511516076285,0.987665635993549,0.213483908778748,0.674001301021316,3.79740614108621,10512.4936859339,-87.4078862219367
0.769157914802971,0.0346557491180531,0.272312101569172,0.0093485496500543,0.845083186796439,0.956796864958851,0.205277848323105,0.82389983293782,1.1897090043905,1083.79776928208,-13.2025455834773
0.775888811344091,0.379013155297848,0.233466191779895,0.770627318263134,0.845549491099203,0.708776112791837,0.206628732734291,0.821157156766426,1.50598524693661,4558.94498237678,-68.8204703156618
0.200817349926018,0.256963254666709,0.418976599242728,0.00670883625452146,0.356031384797897,0.0346572428585495,0.49415160619424,0.619096076009076,9.14721467352808,8556.7560828579,-124.048202030698
0.769157914802971,0.0346557491180531,0.272312101569172,0.0231407838896568,0.845083186796439,0.927024466455953,0.109688779496961,0.382067628692456,1.16699072003258,1089.91198374322,-13.2830903008395
0.31793440800064,0.506207540947588,0.0337376509731956,0.170826888021383,0.513866476283674,0.161962013041154,0.0585812792054773,0.23656092814886,9.18366847309077,3585.5593726009,-139.10750401809
0.207272424222682,0.122967945125812,0.111012449636934,0.673945444949877,0.767252501871158,0.849178504594219,0.869512334870879,0.813737622489011,1.95742472678303,4279.09188568047,-28.6883121235836
0.567126578786496,0.023251414632768,0.272312101569172,0.0093485496500543,0.295647601948115,0.192955668981319,0.652656392443607,0.82389983293782,1.1897090043905,519.0135814893,-10.3258365370416
0.769157914802971,0.0365392622345384,0.272312101569172,0.988939958773228,0.845083186796439,0.0977501041638399,0.0106754507654646,0.838367291660493,1.27951557699183,219.326303206766,-20.4284996048466
0.367126835,0.145813397,0.605889126,0.904976627,0.067441958,0.472273135,0.365214004,0.883604511,2.441277656,1733.081544,-69.49037131
0.345987726,0.188588471,0.476785544,0.022837419,0.878078253,0.750608311,0.322086816,0.110442381,4.785043743,8571.422426,-85.4804794
0.060738257,0.11064273,0.630865154,0.306985635,0.047092743,0.070173015,0.725262624,0.356231595,6.29342066,2166.085035,-108.0138903
0.838447808,0.559130445,0.35040265,0.800666227,0.59829249,0.883751263,0.446597518,0.635142048,3.281891979,4838.957649,-148.2168827
0.043005736,0.318570804,0.321691951,0.324374188,0.153339246,0.432718784,0.329054325,0.820740949,3.110937704,2632.650115,-49.06484906
0.138085753,0.720274432,0.179910171,0.237471358,0.467054512,0.57449963,0.385124889,0.05932149,7.547574181,2359.490589,-164.3287116
0.113319159,0.638877805,0.21694117,0.500321426,0.746250769,0.190617211,0.36212739,0.910540331,6.075545805,8133.707225,-149.697882
0.499820187,0.361992525,0.303046599,0.303822324,0.067958441,0.713836987,0.573256673,0.300706803,2.688640105,2625.2232,-68.54039342
0.856503892,0.190438093,0.174115708,0.649103648,0.490630471,0.826725518,0.423277814,0.709915004,1.737345202,4488.91723,-51.47021812
0.354168093,0.072090837,0.494367272,0.256114062,0.804846772,0.243164899,0.906812603,0.243981484,3.028854731,7342.297484,-56.69035347
0.367526726,0.648144541,0.017393471,0.039586847,0.564847808,0.04307819,0.3330316,0.788468117,7.230842347,4251.846031,-123.9310145
0.767771935,0.631832182,0.746176327,0.994288331,0.795200899,0.445003072,0.692072064,0.450724458,1.313109148,1189.797384,-69.02913545
0.333294826,0.934601264,0.406158061,0.394448884,0.543058905,0.976510035,0.499605057,0.915119004,3.2378502,5259.408432,-134.6247982
0.179344743,0.940593352,0.158092523,0.545666718,0.46893175,0.961327496,0.979953303,0.773607858,1.861609014,4316.275653,-74.65993941
0.312589796,0.265817567,0.172148961,0.451169714,0.194805973,0.477890919,0.267480568,0.582665273,10.60713655,5638.726729,-193.8673665
0.034509132,0.253767534,0.331808102,0.030452671,0.353029304,0.148070423,0.255736798,0.770988269,1.804565031,893.986518,-23.12457622
0.137588837,0.177833482,0.174115708,0.648757082,0.490630471,0.720606783,0.423277814,0.709915004,1.685804858,4153.646638,-32.23709137
0.263248519,0.269756968,0.230921069,0.490355557,0.142966446,0.477890919,0.267480568,0.582665273,10.60713655,5536.471507,-206.3900839
0.034509132,0.253767534,0.331808102,0.030452671,0.353029304,0.148070423,0.255736798,0.770988269,1.804565031,893.986518,-23.12457622
0.317531992,0.934601264,0.406158061,0.394448884,0.543058905,0.976734299,0.499787806,0.942382557,3.2378502,5310.105105,-133.9270568
0.333294826,0.934601264,0.406158061,0.394448884,0.543058905,0.976510035,0.574890352,0.915119004,3.2378502,5259.408432,-134.6247982
0.856503892,0.190438093,0.294301392,0.746209685,0.17054111,0.827383962,0.430929185,0.704554906,1.737345202,4499.846738,-62.01698472
0.17962999,0.940631446,0.158092523,0.545666718,0.569617297,0.961327496,0.324354752,0.773607858,1.933236383,4316.275653,-74.65993941
0.872381546,0.366333718,0.173007189,0.306461998,0.841221936,0.530587517,0.1419917,0.582304775,4.990761279,4413.987307,-145.0696121
0.034509132,0.622175419,0.331808102,0.918303436,0.393989215,0.148070423,0.696768161,0.770988269,1.8038202,2106.818226,-70.02827326
0.138085753,0.720274432,0.179910171,0.187174933,0.475374162,0.515382019,0.385422063,0.05932149,7.552817898,2529.875772,-158.3526613
0.499820187,0.361992525,0.303046599,0.303822324,0.084515592,0.147114345,0.639192003,0.433133216,2.693760436,756.5270643,-66.29243355
0.034509132,0.569164068,0.331808102,0.057475124,0.334035008,0.148070423,0.255736798,0.770988269,1.804565031,473.147377,-37.75673684
0.034509132,0.505015546,0.353146804,0.030452671,0.847645506,0.148070423,0.255736798,0.757286436,1.874559707,419.7668189,-35.09294621
0.499820187,0.365258838,0.303046599,0.303822324,0.739603366,0.147114345,0.658849684,0.400531968,2.683761546,738.8408354,-67.05417668
0.042743188,0.253767534,0.33339179,0.030452671,0.353029304,0.148070423,0.255736798,0.385740361,11.6829641,6832.864544,-120.1449149
0.138085753,0.720274432,0.179910171,0.187174933,0.531361932,0.515382019,0.385422063,0.05932149,7.552817898,6737.395657,-162.6987578
0.034509132,0.253767534,0.301706128,0.030452671,0.353029304,0.148070423,0.20752257,0.770988269,1.805032274,963.6826447,-21.9857127
0.499820187,0.361992525,0.333148572,0.303822324,0.08434698,0.713836987,0.57475629,0.300706803,2.688172862,2659.908334,-70.81592128
0.138085753,0.708845085,0.179910171,0.335897549,0.467054512,0.57449963,0.385124889,0.030876919,7.547574181,2311.955459,-175.3671128
0.072021132,0.360638951,0.331979935,0.918156815,0.398020074,0.148070423,0.695397087,0.770988269,1.8038202,2444.432335,-55.61639935
0.0866296701536652,0.585357822750396,0.281861160081747,0.477114867175517,0.483831592129465,0.254656570616484,0.287468051671734,0.617442456361578,6.39155769133547,1821.02612948258,-140.099638417293
0.922635864430403,0.249191066831905,0.393510759060043,0.251744291862354,0.856555590804925,0.464325399354252,0.64184368059125,0.988522701891383,1.22518328215237,2349.4940865836,-26.9931634348165
0.184950117573584,0.521379656401174,0.40278781596701,0.0470027183401411,0.513458524604076,0.279338170904358,0.317307642343132,0.632697978817252,7.67638580160047,4107.7204131846,-149.76461482416
0.668936595166538,0.127290232631979,0.200907703116959,0.251811363385902,0.615304230998878,0.304179599650288,0.112173190858296,0.456893563017665,7.54000263686292,4633.09188149488,-149.253942277627
0.840119173675831,0.42897665287786,0.750549596618186,0.0981490412252718,0.85249452518881,0.995148669460392,0.442939771079896,0.241619594507674,1.52640045551881,3566.98338328474,-88.929711506894
0.668936595166538,0.129411911339547,0.200907703116959,0.251811363385902,0.615304230998878,0.304179599650288,0.112173190858296,0.459207014680033,7.56237066937963,4633.09188149488,-149.253942277627
0.840119173675831,0.759492194577185,0.74794593917476,0.0767707305738844,0.85249452518881,0.990555944014609,0.442939771079896,0.241619594507674,1.29631213939821,1143.13123314215,-60.9941440879089
0.239880611967501,0.122303235401541,0.331346467757293,0.0643397889012616,0.0490535732140379,0.940445106914474,0.415467508330693,0.00957300654126937,6.49509463497189,7519.41563519008,-68.377589637301
0.184950117573584,0.521379656401174,0.40278781596701,0.0470027183401411,0.513458524604076,0.279338170904358,0.317307642343132,0.633636016314698,6.56105764150049,3503.34494749,-132.277196836654
0.184950117573584,0.519897795914024,0.40278781596701,0.0470027183401411,0.513458524604076,0.252656330055183,0.287750402417721,0.632697978817252,7.77024934471381,4107.7204131846,-149.76461482416
0.0866296701536652,0.586839683237547,0.281861160081747,0.477114867175517,0.483831592129465,0.280911465701512,0.317025291597145,0.617442456361578,6.35680126316613,3791.81362649142,-142.998079727944
0.878550496680643,0.42897665287786,0.475695043459974,0.780753206563818,0.85249452518881,0.997628210115267,0.442939771079896,0.23755574380504,1.14150029461233,1851.5329787056,-44.0314534148185
0.901104538016203,0.77290629884204,0.749103455933338,0.0767707305738844,0.85249452518881,0.990555944014609,0.398073875317212,0.241619594507674,1.36464960794818,1178.76390403803,-62.561317403768
0.695008278735435,0.129411911339547,0.0663859308326451,0.4369389708661,0.791092237365708,0.0841697264946457,0.13163967749768,0.459207014680033,6.99034787504948,4168.16891641887,-135.733381315653
0.737695101799999,0.42897665287786,0.750549596618186,0.0465995197128452,0.85249452518881,0.995148669460392,0.442939771079896,0.241619594507674,1.12123737859875,1916.75089664762,-43.1538292479893
0.922635864430403,0.249191066831905,0.392803935906826,0.80265120031841,0.856555590804925,0.151893048834288,0.642216017932916,0.992520131801736,1.37662729009405,2245.78340689837,-33.6954976071716
0.901104538016203,0.77290629884204,0.749103455933338,0.0767707305738844,0.85249452518881,0.990555944014609,0.398073875317212,0.241619594507674,1.36464960794818,1178.76390403803,-62.561317403768
0.878550496680643,0.42897665287786,0.475695043459974,0.780753206563818,0.85249452518881,0.997628210115267,0.400122455015048,0.23755574380504,1.14150029461233,1851.5329787056,-44.0314534148185
0.467855477069937,0.411196252988277,0.276061938581427,0.0503015277204836,0.850509133885785,0.122171086835301,0.571670853240747,0.295527895118821,1.67005319948373,658.902806129471,-38.6017530467353
0.112031740240173,0.585357822750396,0.281861160081747,0.477114867175517,0.485390003184348,0.279141445223713,0.287468051671734,0.633414514823894,6.38852943648204,3780.63911398645,-144.897933732272
0.178465921642039,0.521379656401174,0.40278781596701,0.0470027183401411,0.540093267216782,0.254853296297129,0.317307642343132,0.617663957852381,6.56408589635392,3503.34494749,-132.277196836654
0.739612365993655,0.897047315752143,0.114554409801515,0.0465995197128452,0.858394313728737,0.987190554250282,0.435417513841769,0.241619594507674,1.12123737859875,2271.158874371,-36.0502016193253
0.890639829602547,0.759462230589873,0.74794593917476,0.076770247830695,0.879276020593185,0.984890470955563,0.442939771079896,0.818409037476806,1.29631213939821,1168.28794915564,-61.8623772138521
0.674426624040218,0.555626465131377,0.718521198327031,0.801003836394329,0.85249452518881,0.996385264300776,0.43296504855963,0.208995648404906,1.36464960794818,1286.91447101691,-58.5957447978086
0.25563891,0.400893904,0.418936944,0.245745198,0.582725915,0.124314296,0.568096671,0.09009648,14.14800109,4275.530174,-288.397061
0.363598827,0.160033037,0.373951727,0.715026803,0.635356945,0.621186173,0.61058071,0.59129337,1.603700895,4100.302346,-49.44513863
0.024781493,0.709245599,0.619133363,0.526686063,0.727436302,0.640872001,0.804092686,0.955529475,4.359181277,7971.833338,-160.871135
0.473981447,0.530527186,0.790347888,0.196200949,0.816219704,0.303882074,0.839646079,0.107139395,2.103687136,3691.920657,-88.75624443
0.534056978,0.239634066,0.36385527,0.142870698,0.945349843,0.575121117,0.041247644,0.7550906,1.813343896,2378.561406,-39.6533378
0.534056978,0.239634066,0.36385527,0.142870698,0.944036553,0.575121117,0.015048231,0.810159663,1.813343896,2378.561406,-39.6533378
0.024781493,0.709245599,0.619133363,0.526686063,0.727436302,0.640872001,0.804092686,0.955529475,4.359181277,7971.833338,-160.871135
0.483011672,0.530527186,0.80652574,0.177983214,0.816219704,0.303882074,0.839646079,0.601690967,2.232737846,3604.17535,-89.94452584
0.208008936,0.218337359,0.108869466,0.048554856,0.401913701,0.221572582,0.589736419,0.013942602,10.3600831,5700.46217,-88.20720094
0.363598827,0.160033037,0.373951727,0.980524821,0.635356945,0.621186173,0.61058071,0.57498106,1.167818738,2140.827741,-25.18293647
0.26436267,0.061839802,0.72670511,0.229156936,0.174076268,0.084312725,0.513380074,0.836515729,2.082906897,507.0841612,-42.90869231
0.634291488,0.142255008,0.586525484,0.142979111,0.357140713,0.550070628,0.625398932,0.039832817,1.828659836,656.1692813,-46.45794849
0.002430759,0.530527186,0.80652574,0.177983214,0.811745999,0.305443939,0.840603549,0.601690967,2.232737846,4257.648559,-72.38890246
0.275460618,0.216927642,0.824531147,0.22827833,0.174532115,0.084312725,0.939401421,0.833083524,5.278102896,7494.391062,-143.4787153
0.475058166,0.239634066,0.36385527,0.149883974,0.945349843,0.575121117,0.857634733,0.773167847,1.818440783,4127.577167,-40.19540593
0.024781493,0.709245599,0.619133363,0.526686063,0.727436302,0.628668307,0.804092686,0.955529475,4.359181277,7971.833338,-160.871135
0.534056978,0.239634066,0.36385527,0.142870698,0.944036553,0.575121117,0.015048231,0.810159663,1.813343896,2378.561406,-39.6533378
0.831913192,0.197945318,0.36385527,0.118686149,0.597175594,0.575121117,0.596719019,0.817007273,1.813343896,4051.307696,-47.52278097
0.258175326,0.400893904,0.418936944,0.166474978,0.582725915,0.124314296,0.564139307,0.09009648,14.17560215,4398.516856,-269.6698278
0.300948897,0.239634066,0.40052346,0.142870698,0.945349843,0.143005118,0.041247644,0.096132026,1.813343896,454.077792,-33.65201969
0.26436267,0.061839802,0.72670511,0.229156936,0.174076268,0.084312725,0.513380074,0.836515729,2.082906897,507.0841612,-42.90869231
0.534056978,0.239634066,0.36385527,0.142870698,0.945586413,0.513258791,0.041247644,0.752830236,1.813343896,2378.561406,-39.6533378
0.415060178,0.282200127,0.391644031,0.154463806,0.575093048,0.029778649,0.129882814,0.385999218,4.517819631,1376.500962,-94.54411265
0.550319309,0.186251967,0.486591443,0.132760989,0.636019776,0.247117734,0.292321628,0.524328308,9.092830449,4560.480357,-192.4598064
0.787582815,0.13373101,0.885380889,0.156743158,0.730341588,0.956903619,0.850884905,0.157948581,1.308694052,2202.786297,-38.62208581
0.393903604,0.541610651,0.272188345,0.233646689,0.689668873,0.078417181,0.731176994,0.621583995,5.116544702,5143.031182,-118.6508858
0.196974116,0.495378631,0.197755206,0.058500207,0.959576619,0.501118522,0.602489583,0.009981309,4.823819143,8797.468719,-82.11036934
0.096283701,0.32939008,0.927452235,0.649296354,0.512755499,0.963446932,0.575715945,0.468784804,2.453083152,3458.562802,-90.17293969
0.105304556,0.267574232,0.460183958,0.406047518,0.32558444,0.621453085,0.198770462,0.535591501,8.376786831,2670.53791,-157.0514851
0.125653502,0.616791874,0.518917343,0.393452336,0.947619247,0.570264013,0.537130772,0.920163263,2.119467411,4513.090736,-69.89329659
0.275906228,0.112048831,0.270890307,0.053824279,0.436356968,0.242151664,0.018809848,0.114789236,3.831191661,2076.838244,-41.21359043
0.616211162,0.456616535,0.197755206,0.060847111,0.959576619,0.498909899,0.602489583,0.009981309,4.766773286,7772.233621,-117.4951828
0.393903604,0.173547124,0.486444003,0.137292679,0.635475179,0.078417181,0.730277611,0.622851167,5.116544702,5160.504231,-93.55757123
0.159381851,0.282200127,0.379575897,0.154463806,0.580055963,0.029778649,0.130316113,0.395723258,4.517819631,1489.63604,-74.45254814
0.787582815,0.13373101,0.885380889,0.643198912,0.562394718,0.955753194,0.850884905,0.157948581,1.308694052,1744.69776,-45.51389155
0.700432659,0.687139802,0.426867268,0.165389063,0.711622967,0.842106191,0.442573563,0.005251146,5.403106727,5323.729014,-199.22465
0.125653502,0.610347229,0.516733742,0.377040657,0.840378612,0.570429339,0.537130772,0.920163263,2.114247906,4479.590064,-68.8486935
0.275796636,0.112048831,0.270890307,0.065059066,0.285841521,0.242151664,0.203034611,0.114789236,3.173796673,1516.344894,-31.54540133
0.550319309,0.271335758,0.274452668,0.232621574,0.709211077,0.247117734,0.293367333,0.523061136,9.092830449,4715.05673,-182.5427733
0.104493637,0.267574232,0.475974211,0.406047518,0.32558444,0.621454966,0.193191242,0.659369842,8.376786831,4692.838067,-162.4206232
0.617534971,0.440264641,0.199044853,0.060847111,0.671049147,0.542533084,0.587999712,0.009981309,4.870786265,7867.632898,-114.8587788
0.393903604,0.1589513,0.486444003,0.137292679,0.635475179,0.080233911,0.729615213,0.297318913,5.116544702,1114.83896,-88.92262548
0.850178354,0.330733969,0.456953636,0.649296354,0.95310529,0.963446932,0.575715945,0.428910549,2.453083152,4260.399068,-79.94967563
0.105304556,0.267574232,0.460183958,0.406047518,0.32558444,0.621453085,0.198770462,0.535591501,8.376786831,2670.53791,-157.0514851
0.159381851,0.282200127,0.379575897,0.154463806,0.580055963,0.029778649,0.130316113,0.395723258,4.517819631,1489.63604,-74.45254814
0.275796636,0.142274247,0.161146539,0.088803214,0.652163054,0.243841965,0.224933431,0.092996191,3.173796673,1511.530648,-28.28591885
0.261706154,0.271335758,0.29649057,0.232621574,0.709211077,0.252109846,0.293367333,0.327027223,9.092830449,4860.243799,-141.089868
0.159381851,0.282200127,0.373573024,0.154463806,0.580055963,0.029778649,0.637710556,0.395723258,14.62942428,7235.279925,-212.5363156
0.105091806,0.310117344,0.37892676,0.251526688,0.580055963,0.029778649,0.130220112,0.331554979,5.004215579,1390.112286,-81.20171018
0.439480723,0.394131045,0.320188767,0.160483074,0.636697558,0.318574153,0.259023404,0.324137685,7.562512221,4449.201757,-165.626756
0.02902843,0.286280042,0.462529485,0.36886614,0.32558444,0.624814279,0.197224827,0.53747059,10.84794473,4143.465182,-199.2163598
0.159381851,0.282200127,0.379575897,0.154463806,0.580055963,0.067736957,0.130316113,0.395723258,4.517819631,1489.63604,-74.45254814
0.393903604,0.1589513,0.486444003,0.137293419,0.635475179,0.080233911,0.729615213,0.297318913,5.116544702,1114.83896,-88.92262548
0.105304556,0.267574232,0.460183958,0.406046778,0.32558444,0.621453085,0.198770462,0.535591501,8.376786831,2670.53791,-157.0514851
0.160576652,0.124044994,0.386127997,0.868741896,0.053721168,0.725414707,0.38925428,0.754111923,2.519189223,4392.904788,-76.14180334
0.207495119,0.009054953,0.301037801,0.315234066,0.400311079,0.009978397,0.775809456,0.000342092,12.08445248,6172.710539,-143.3321003
0.703244054,0.738046137,0.677293155,0.803093932,0.910920247,0.739638271,0.708844036,0.751753426,1.372306181,1315.022263,-66.47611158
0.55842454,0.134427251,0.322536483,0.080812671,0.052360342,0.295535438,0.130475934,0.413761365,6.839663931,2480.561373,-111.8640426
0.777717483,0.038439638,0.011280257,0.195415401,0.917838648,0.910782631,0.846650758,0.692982963,3.764646667,11601.39066,-57.93906653
0.044979858,0.279333765,0.571337043,0.004457974,0.577994065,0.1680083,0.117570329,0.809721954,4.424633024,1313.552121,-61.77403284
0.618011826,0.754705676,0.363277253,0.601746344,0.667716277,0.549922676,0.956318894,0.136164294,3.145622074,5094.395258,-142.2978127
0.551501223,0.148536939,0.322536483,0.080812671,0.019162719,0.295535438,0.130475934,0.413761365,6.842151358,2489.905009,-113.4186739
0.54609986,0.053536345,0.289881754,0.588312289,0.289141197,0.61226981,0.260589862,0.347230295,2.315005677,467.3842672,-36.13932123
0.101390199,0.743027006,0.363277253,0.601746344,0.769735056,0.549922676,0.937333805,0.379858001,3.145622074,6726.132971,-107.7914632
0.703244054,0.773481028,0.689448991,0.803093932,0.349209776,0.739638271,0.708844036,0.753657816,1.372306181,1212.561223,-68.66147654
0.391537773,0.130779496,0.123086894,0.085148379,0.021970082,0.1354669,0.133039161,0.414119888,3.533241744,1819.687142,-40.08809224
0.211652707,0.08394819,0.316287209,0.288240871,0.809929,0.500590642,0.734286471,0.081094802,5.910533664,13658.04208,-81.18207372
0.08089247,0.445378753,0.409303029,0.594017449,0.67037264,0.782963942,0.568437986,0.933513652,3.215037021,6718.289738,-84.76423939
0.635175472,0.05772797,0.290534524,0.593494379,0.290397809,0.588047565,0.041939991,0.000316949,2.290490961,469.5441903,-38.71670588
0.044979858,0.279333765,0.652376133,0.002208952,0.577994065,0.171483222,0.117570329,0.809721954,10.13719585,8756.664107,-159.9284171
0.703244054,0.729579809,0.689448991,0.667358462,0.348235494,0.739638271,0.69616611,0.753657816,1.125504006,1181.480567,-64.14850488
0.188602574,0.44102417,0.153585205,0.485481605,0.380079895,0.124334001,0.590794375,0.763356295,8.659750517,10658.86875,-177.906851
0.030466004,0.176797112,0.718049944,0.023682336,0.517925234,0.171415505,0.119812669,0.50272139,10.47507293,3846.595113,-154.6819872
0.54609986,0.053536345,0.318198021,0.588312289,0.289141197,0.61226981,0.260589862,0.347230295,2.315005677,499.5000322,-37.61548193
0.413116757,0.13369382,0.578599643,0.001056432,0.052360342,0.283116867,0.130475934,0.800821404,6.839663931,3370.529526,-121.4310181
0.760701337,0.05772797,0.290534524,0.593494379,0.304865797,0.588047565,0.041939991,0.013051932,2.290490961,500.5011338,-41.68841341
0.835891328,0.044497478,0.107811585,0.541782622,0.072249195,0.700982553,0.251540545,0.755883968,1.129748236,363.2730043,-13.05910593
0.147142857,0.292349558,0.534640782,0.555941434,0.28486904,0.963613202,0.241792406,0.53162084,1.008956333,2319.692334,-27.92195201
0.947260385,0.308879009,0.267802103,0.619485249,0.297693989,0.476558424,0.001180384,0.837665225,1.189308529,274.0537296,-26.75985323
0.140241145,0.47831959,0.110117234,0.125939436,0.486665722,0.369518169,0.664599883,0.098971619,10.15916346,4307.812055,-128.5308577
0.615027797,0.129185183,0.102262029,0.666605008,0.452359799,0.089516486,0.048935541,0.060464525,5.159369825,1292.813866,-103.9402765
0.064149579,0.974984076,0.367378562,0.063647733,0.798746507,0.38535789,0.36766847,0.856551113,4.218387222,9017.371827,-126.2604856
0.552479582,0.618417196,0.481233875,0.590116874,0.755926696,0.609753307,0.130834409,0.984785962,2.196726284,3600.496419,-89.95196251
0.262148888,0.485979375,0.521428967,0.360854077,0.705057626,0.961443541,0.890894769,0.815188888,4.333874828,9810.885237,-123.8290036
0.325403784,0.768348927,0.763959455,0.076477253,0.535784165,0.670224137,0.981235289,0.173534063,3.415632348,5368.956886,-135.3139044
0.552479582,0.618417196,0.481233875,0.590116874,0.755926696,0.609753307,0.130834409,0.984785962,2.196726284,3600.496419,-89.95196251
0.372822389,0.974984076,0.360888753,0.063647733,0.798746507,0.38535789,0.366634597,0.858865782,4.482541202,7375.868989,-153.3691578
0.219015312,0.037055381,0.009930525,0.299319446,0.445098907,0.29134346,0.277527282,0.187575757,2.886706215,1576.815152,-21.0083424
0.31046625,0.768348927,0.763959455,0.079822374,0.535784165,0.67367296,0.981029767,0.173534063,3.355548256,5477.62285,-133.9398449
0.98364149,0.352560102,0.229898668,0.597087767,0.813606539,0.716746963,0.964599311,0.068482452,2.874061825,5972.7424,-110.0008055
0.552479582,0.618417196,0.481233875,0.590116874,0.755926696,0.609753307,0.130834409,0.984785962,2.196726284,3600.496419,-89.95196251
0.000880854,0.485979375,0.51831199,0.360854077,0.962799885,0.961075277,0.908466321,0.815188888,4.333874828,9961.422377,-105.9024664
0.147142857,0.292349558,0.534640782,0.45100691,0.28486904,0.963613202,0.241792406,0.53162084,1.008956333,2360.885163,-26.64905754
0.466702288,0.039893451,0.10688348,0.477528659,0.061298634,0.288906784,0.404129701,0.862126941,7.031526112,7211.386881,-106.7602118
0.835891328,0.272147595,0.901282144,0.11910308,0.722804738,0.688783754,0.246752459,0.755883968,1.018399772,1765.89003,-45.21542224
0.947260385,0.308328407,0.267802103,0.619485249,0.297693989,0.476558424,0.001180384,0.837665225,1.189308529,274.0537296,-26.75985323
0.31046625,0.768348927,0.353462179,0.176988809,0.535784165,0.589610445,0.843091841,0.172493908,3.355548256,6627.466523,-98.40614882
0.828341546,0.129185183,0.101793388,0.666605008,0.50512468,0.732660018,0.248457658,0.060464525,5.159369825,4869.109843,-128.8732652
0.622577579,0.044497478,0.108280226,0.541782622,0.072249195,0.058372408,0.052019023,0.755883968,1.030942287,452.3470607,-11.43746082
0.531611602,0.351264564,0.231207883,0.595538181,0.912804766,0.716746963,0.964599311,0.125801142,2.874061825,6986.210448,-83.03060259
0.947260385,0.309079769,0.267802103,0.615327244,0.297693989,0.476558424,0.940703085,0.837665225,1.189308529,2265.062775,-29.58509714
0.019091761,0.049864354,0.307227372,0.556924849,0.400892882,0.343927932,0.019885228,0.499180137,2.323481267,680.0132206,-26.05596221
0.611161534,0.073403599,0.054774132,0.037431863,0.584622886,0.453553009,0.777673469,0.06944033,2.520246621,5261.020678,-32.27213363
0.406484905,0.971569202,0.488171531,0.450560312,0.567779201,0.921208323,0.642782388,0.305752296,3.201606645,4678.806464,-158.1853066
0.05224562,0.281293401,0.384897067,0.247480477,0.064523453,0.881137846,0.658932053,0.131549949,1.344001447,1785.871665,-18.4745312
0.483081279,0.04037096,0.009897283,0.598328255,0.576876148,0.393324809,0.423387001,0.836235384,1.374297319,593.9647939,-8.889801372
0.250144818,0.116285545,0.698271022,0.943234195,0.387940373,0.947027092,0.642253905,0.410738401,2.313546844,3238.942041,-74.58409913
0.428184524,0.053410728,0.406942924,0.577301289,0.552119495,0.102720594,0.514572294,0.832391178,5.473198849,5420.976452,-113.6327135
0.090798595,0.001621246,0.222532329,0.756806306,0.422023827,0.362471333,0.397591098,0.603473703,10.42116871,7865.193479,-178.5402229
0.347938574,0.073403599,0.049851667,0.072257335,0.344438839,0.432484875,0.777673469,0.06944033,2.520246621,2799.019355,-22.52243878
0.42651938,0.055719532,0.698271022,0.570692427,0.387940373,0.947027092,0.672977999,0.829521869,2.313546844,4267.364487,-61.63284084
0.416471177,0.264587348,0.38901705,0.4424984,0.320583089,0.87650369,0.442791816,0.246518036,2.372932772,2510.856443,-46.80846603
0.259236521,0.018639621,0.701756118,0.952197515,0.952793335,0.947027092,0.642253905,0.410738401,2.313546844,3030.023473,-68.95180674
0.406484905,0.971569202,0.08462095,0.450560312,0.678992429,0.921208323,0.357398284,0.42542025,3.320624032,3898.62491,-111.7371843
0.889345539,0.686400871,0.185802416,0.46064264,0.835552302,0.921006797,0.456974135,0.086788048,1.679405527,1528.483559,-80.23561347
0.91032509,0.242674974,0.394762667,0.247480477,0.016267884,0.532068082,0.715497353,0.131549949,1.344001447,362.6334792,-24.00094427
0.86802285,0.279848658,0.651451634,0.834129265,0.899096651,0.326921687,0.599131047,0.917656744,1.669624602,3056.814933,-99.0650959
0.889345539,0.686400871,0.218265326,0.464445921,0.114337092,0.921006797,0.456974135,0.099884493,2.093837086,1476.437003,-82.27057842
0.347938574,0.073403599,0.384390983,0.072257335,0.344438839,0.432484875,0.713200641,0.041426957,2.443442513,783.0587835,-25.06338529
0.428184524,0.053410728,0.072424726,0.577301289,0.552119495,0.102720594,0.514572294,0.862840463,5.550003019,6647.704396,-93.24466355
0.888395535,0.686400871,0.185802416,0.46064264,0.835552302,0.921006797,0.224697306,0.89415103,1.730862164,3553.132078,-82.99923016
0.551473275,0.04037096,0.014517501,0.825894637,0.584740048,0.393550076,0.591284981,0.834971339,1.37700058,1049.08809,-12.02260745
0.889345539,0.686400871,0.218265326,0.464445921,0.114337092,0.921006797,0.456974135,0.09810231,2.759077508,3674.909883,-129.2618197
0.910264387,0.244506796,0.396875658,0.247480477,0.319092494,0.571362814,0.861217672,0.131549949,1.344001447,2353.297782,-26.87829215
0.551473275,0.04037096,0.046496321,0.920331685,0.584740048,0.554335496,0.195627001,0.809410247,1.37700058,398.2831916,-12.38277669
0.889345539,0.873207574,0.185802416,0.454949194,0.83793233,0.921006797,0.493048067,0.084565709,1.452152621,1709.266559,-45.96339067
0.579186829,0.19827316,0.094216946,0.632688415,0.320666122,0.818005791,0.668818201,0.046098606,2.520120617,4426.442021,-61.2996816
0.000894625,0.169960775,0.024204204,0.605217834,0.299911806,0.166690671,0.620287947,0.350343114,1.568760873,870.0845979,-19.48196226
0.084893253,0.347882069,0.439084251,0.969051687,0.459173104,0.771484441,0.851806622,0.65806162,3.632760715,8075.679888,-141.2900557
0.859189522,0.41669869,0.499816092,0.709440484,0.175544395,0.797877854,0.437603424,0.84351424,1.798341714,3299.834294,-92.74721405
0.485384089,0.968208788,0.633720644,0.208049471,0.169790517,0.731559863,0.962186323,0.902735297,2.424223042,2902.164275,-114.3519235
0.469841216,0.371740481,0.025211615,0.605655559,0.231051571,0.334431239,0.664599848,0.503076173,4.448944667,4897.382044,-86.28066937
0.471779228,0.30879352,0.657706527,0.119336381,0.423178836,0.735278827,0.233548042,0.98156926,1.95132349,4541.542424,-60.71306849
0.957344634,0.41858344,0.346154103,0.864639813,0.721330339,0.982333825,0.272101377,0.650611726,3.368477837,4959.665742,-144.6908613
0.397405978,0.510319709,0.317829589,0.968744619,0.847939845,0.535394169,0.418704559,0.701987685,2.855267816,5927.115476,-122.2560226
0.451733808,0.192612065,0.099541165,0.666395536,0.868503521,0.732692662,0.795668938,0.66129525,2.57578438,7250.242712,-59.53040274
0.899138878,0.417276893,0.75970536,0.489016048,0.705230785,0.618389723,0.852318649,0.311840835,1.493607021,1360.39405,-52.32826199
0.469841216,0.371740481,0.025211615,0.605655559,0.231051571,0.305315274,0.664599848,0.503076173,4.419491751,2941.917734,-84.54297623
0.06669594,0.347882069,0.439084251,0.966963838,0.458108422,0.771877535,0.851806622,0.844261058,3.632760715,8102.200982,-140.6791157
0.877977554,0.41669869,0.39394814,0.711494131,0.176609076,0.797484761,0.437603424,0.657314802,1.798341714,3925.572702,-84.95939052
0.859189522,0.41669869,0.499816092,0.709440484,0.175544395,0.797877854,0.437603424,0.84351424,1.429179417,1916.750897,-43.15382925
0.330100453,0.103903037,0.703676283,0.792740905,0.845573781,0.960246293,0.642168555,0.986013746,2.435771236,3612.061652,-69.55396797
0.617095957,0.30879352,0.657706527,0.119336381,0.423178836,0.735278827,0.233543146,0.98195303,1.95132349,4589.616475,-65.792744
0.957344634,0.41858344,0.346154103,0.610474456,0.721330339,0.998932983,0.27889627,0.650611726,3.467757619,5928.461939,-128.6108267
0.193798851,0.352205301,0.173399165,0.343473494,0.719900126,0.768033551,0.512351433,0.448838268,5.45789136,12074.65589,-82.16592191
0.505988277,0.809856096,0.028672605,0.645195265,0.351283696,0.818005791,0.668818201,0.276497696,1.746110631,4234.443913,-71.95380165
0.330100453,0.098284363,0.696581152,0.792740905,0.01036659,0.960246293,0.642168555,0.981953687,2.435771236,3612.061652,-69.55396797
0.469841216,0.37587552,0.025211615,0.605216657,0.231051571,0.168428325,0.633118447,0.503076173,4.448944667,2911.55042,-85.46236858
0.000894625,0.169960775,0.024204204,0.605656736,0.431454987,0.462303338,0.664104181,0.350343114,1.181704464,1197.036361,-9.484175779
0.535048037,0.244470027,0.028466971,0.632688415,0.320666122,0.416864043,0.668818201,0.607494803,2.520120617,4378.54284,-57.97204571
0.859189522,0.396928109,0.556282423,0.671100621,0.175544395,0.941214121,0.437603424,0.84351424,1.429179417,1829.984936,-44.32604057
0.127862688,0.34187385,0.345360342,0.96367377,0.721330339,0.765895419,0.272101377,0.650611726,3.369204526,5766.71982,-95.18531533
0.840994123,0.412444104,0.499816092,0.602083352,0.302092211,0.797877854,0.437603424,0.84351424,1.429179417,2055.918439,-40.85646603
0.031614284,0.169956737,0.024204204,0.511444314,0.173363989,0.156331838,0.620287947,0.350343114,1.151548569,628.3990432,-8.151974771
0.582271808,0.420837464,0.759342875,0.637449169,0.609719383,0.618389723,0.852318649,0.311840835,1.493607021,1388.293314,-49.63913695
0.469841216,0.37587552,0.025211615,0.605216657,0.231051571,0.168428325,0.633118447,0.495346659,4.448944667,2911.55042,-85.46236858
0.049701631,0.255767037,0.024204204,0.604530726,0.296823514,0.159241724,0.620287947,0.234288702,1.568760873,898.9647659,-23.20568802
0.817215417,0.104427238,0.370980124,0.071891635,0.471149969,0.962377002,0.493423307,0.178295885,1.453267458,1778.58273,-18.66547823
0.213027938,0.245328384,0.17660629,0.059825094,0.458948204,0.011331511,0.78308115,0.039743945,12.07584739,6715.840016,-123.5374767
0.4309861,0.325393874,0.142418011,0.522257041,0.41578327,0.87098032,0.718267366,0.348000029,4.154334129,10465.36739,-88.85200912
0.416830972,0.028275477,0.958899688,0.115358547,0.605567915,0.242306677,0.07362635,0.0731099,1.18841689,212.2655632,-28.98434332
0.124156365,0.238358528,0.781189116,0.180652112,0.272310283,0.693324299,0.44929291,0.885935918,3.105961907,4818.247742,-77.74282445
0.113273341,0.033553667,0.244675372,0.402150001,0.829907905,0.269245043,0.265059524,0.757189341,5.419527454,6744.58187,-57.72134463
0.38270778,0.416859343,0.205357973,0.2001028,0.251889656,0.321550301,0.251651466,0.474388474,6.507966527,2200.86645,-128.2079135
0.403851322,0.155469804,0.602416856,0.785399804,0.069713116,0.815879999,0.207381424,0.913128742,6.466689485,6079.628988,-214.2480968
0.577395044,0.103984007,0.479907732,0.777617923,0.44792598,0.504195228,0.094774162,0.946754779,4.311591345,2219.437394,-125.8091787
0.428466509,0.028445413,0.256862061,0.395254168,0.829907905,0.269245043,0.265059524,0.757189341,4.710782469,5891.517355,-78.78864083
0.391755694,0.078630458,0.558626388,0.234712784,0.237735072,0.18130075,0.060430507,0.16380757,13.37631333,3745.19578,-245.8659002
0.4309861,0.282580183,0.13132399,0.522257041,0.81105075,0.871311763,0.718267366,0.346767767,4.238046705,10660.21633,-83.00929137
0.317220019,0.647756259,0.036222639,0.697577343,0.013495965,0.87066133,0.146144528,0.869297499,6.922762208,8191.814341,-199.244506
0.48082717,0.36454711,0.279051022,0.323347858,0.486123298,0.147395303,0.278452099,0.201599926,7.284292576,1758.948718,-154.1703185
0.649279018,0.124201411,0.788291224,0.466434964,0.852823098,0.962549313,0.418229236,0.964314732,1.492064608,2243.424766,-36.45045148
0.113273341,0.033553667,0.244675372,0.402150001,0.796210418,0.271711905,0.265059524,0.762853324,5.419527454,6744.58187,-57.72134463
0.821451994,0.591045967,0.370980124,0.071891635,0.471149969,0.926980121,0.493423307,0.291036119,1.453267458,2314.478338,-35.38813611
0.817215417,0.104427238,0.370980124,0.071825832,0.471149969,0.996311252,0.493423307,0.177300391,1.451681974,1778.58273,-18.66547823
0.577395044,0.06114875,0.479907732,0.504794952,0.44792598,0.452197771,0.102364487,0.946754779,4.311591345,3179.084261,-98.721163
0.403851322,0.027335313,0.602416856,0.785399804,0.562630553,0.830136176,0.207381424,0.914914722,1.153532318,2353.297782,-26.87829215
0.817215417,0.102406063,0.370980124,0.060539478,0.471149969,0.962377002,0.493423307,0.178295885,1.453267458,1782.211306,-18.56978731
0.817215417,0.086586007,0.040680332,0.06879194,0.471149969,0.993592623,0.493423307,0.895379996,1.451681974,1158.416432,-10.17876235
0.817215417,0.087843231,0.36860621,0.071891635,0.471149969,0.962377002,0.204032377,0.178295885,1.536788563,2494.592269,-38.79578235
0.5195798,0.028275477,0.958899688,0.115358547,0.603393855,0.955949584,0.086315112,0.785805224,1.470423612,2261.17264,-33.31083013
0.472012849,0.587070437,0.170570653,0.435953789,0.017318698,0.927114504,0.71292974,0.459228045,1.846164762,4447.882388,-57.89649082
0.101975352,0.295023059,0.138271201,0.307861062,0.632396537,0.125543923,0.380213044,0.379892934,9.57419986,7066.750069,-122.9510695
0.093595297,0.402918263,0.170698937,0.392206975,0.253389543,0.392810875,0.397909454,0.408561863,13.21732784,4913.756754,-201.2881327
0.596365132,0.242870221,0.306541681,0.243584398,0.189240802,0.354358685,0.483524906,0.521719025,2.019316848,539.1235887,-39.12738443
0.119939864,0.156808348,0.181264878,0.848534218,0.188031156,0.294034524,0.075854845,0.027201026,1.783010251,852.2323181,-33.38948774
0.03806814,0.797150089,0.784382781,0.334866695,0.073262572,0.935114681,0.79463884,0.872448813,3.359392663,5117.944351,-138.3832731
0.093595297,0.400473385,0.177412715,0.42660453,0.253389543,0.392810875,0.394577854,0.408561863,13.21732784,4794.931997,-212.6563022
0.409744778,0.052097104,0.655014648,0.33651642,0.329536996,0.564389182,0.608122492,0.274079963,8.738330454,9493.414463,-212.2327372
0.119939864,0.156808348,0.181264878,0.848534218,0.188031156,0.294034524,0.075854845,0.027201026,1.783010251,852.2323181,-33.38948774
0.386110674,0.798067194,0.338185901,0.334866695,0.91718782,0.935114681,0.690296113,0.872448813,3.359392663,6299.846272,-113.5946578
0.052567062,0.406693679,0.177412715,0.488710921,0.253389543,0.392810875,0.380658633,0.408561863,13.21732784,4624.959407,-222.0680701
0.101883961,0.288802765,0.139854676,0.307861062,0.632396537,0.125543923,0.394132265,0.379892934,9.57419986,7161.882169,-121.3821897
0.093595297,0.403492877,0.170698937,0.392206975,0.253389543,0.394200181,0.397909454,0.408561863,13.21732784,4913.756754,-201.2881327
0.119599948,0.156808348,0.167504045,0.848534218,0.188031156,0.294034524,0.075854845,0.027201026,1.664367411,842.9977921,-32.91068381
0.03806814,0.719568345,0.784382781,0.334866695,0.073262572,0.935114681,0.79463884,0.952743651,3.359392663,5243.762253,-129.6721553
0.337347673,0.55146453,0.170570653,0.429951507,0.014431457,0.927114504,0.71292974,0.459228045,1.625776279,4495.530256,-50.88381567
0.093595297,0.400473385,0.186412727,0.42660453,0.242046154,0.533395239,0.394577854,0.408561863,13.21732784,4718.618352,-215.1237617
0.305891629,0.156808348,0.167504045,0.7953285,0.188031156,0.294034524,0.045449691,0.022600538,2.328316813,658.7711085,-35.40661575
0.093595297,0.385232242,0.177412715,0.42660453,0.253389543,0.392810875,0.380437794,0.408561863,12.73374332,4877.443186,-210.393573
0.093595297,0.403492877,0.151560561,0.344844421,0.231030808,0.25900227,0.397909454,0.40307438,14.55690612,6854.422864,-214.5071425
0.596365132,0.242870221,0.306541681,0.243584398,0.189240802,0.354358685,0.483524906,0.542704145,2.019316848,539.1235887,-39.12738443
0.596365132,0.242870221,0.306541681,0.243584398,0.189240802,0.354358685,0.483524906,0.521719025,2.019316848,539.1235887,-39.12738443
0.337347673,0.55146453,0.724565924,0.429548729,0.012591189,0.927114504,0.910619536,0.399932891,1.93742406,3542.87212,-88.89705529
0.456399673,0.50993296,0.7257574,0.252607244,0.812963887,0.955087881,0.622828413,0.469691986,2.511574756,6336.521441,-122.5078687
0.162103004,0.052797446,0.968203473,0.331952275,0.491917244,0.940639589,0.770555269,0.942537389,3.912881002,8944.434394,-120.7403932
0.706514525,0.10694121,0.490904344,0.191419724,0.981858463,0.198847863,0.599694491,0.030564995,3.539851014,2986.675131,-93.26402826
0.321836305,0.521509886,0.285747324,0.265516817,0.853409238,0.188656429,0.064146169,0.789870671,7.854253522,6396.808239,-180.8837152
0.14772204,0.717704391,0.197484677,0.093177117,0.073205468,0.772716634,0.769572033,0.048242747,3.087980867,2891.775361,-64.13762898
0.89909724,0.048386822,0.40042597,0.947656863,0.124796878,0.578726591,0.298721321,0.241647097,1.141886057,310.7524601,-25.57428784
0.534457317,0.580930732,0.885862506,0.162449828,0.735264176,0.322826865,0.629868912,0.417703225,1.700335637,2807.44876,-101.8201196
0.164559773,0.046711933,0.965318331,0.330983921,0.490869378,0.955087881,0.622828413,0.942749895,2.507657586,5925.852549,-92.20300301
0.880145669,0.064004051,0.966741632,0.330983921,0.490869378,0.958046499,0.622828413,0.942749895,2.388079584,3744.723757,-87.3227504
0.758590501,0.772387339,0.287040156,0.114745657,0.410331575,0.872927702,0.297375962,0.098103318,1.344912077,2165.641197,-39.17480136
0.14772204,0.717704391,0.197484677,0.092080465,0.058209298,0.772716634,0.838714587,0.045699214,3.087980867,2891.775361,-64.13762898
0.457434502,0.085486643,0.201908304,0.02951329,0.073882504,0.298392263,0.192660311,0.235535219,3.741249177,1823.828833,-43.46380109
0.507481944,0.779714506,0.059817509,0.300870057,0.519093048,0.840957434,0.087755726,0.980111935,1.300888401,2257.169073,-29.82660341
0.164559773,0.046711933,0.965318331,0.330983921,0.490869378,0.955087881,0.622828413,0.942749895,2.507657586,5925.852549,-92.20300301
0.162103004,0.018775008,0.968203473,0.331341127,0.491917244,0.940639589,0.770555269,0.942537389,3.912881002,9104.724017,-117.6107115
0.779828598,0.048386822,0.40042597,0.947656863,0.124796878,0.578672644,0.372081942,0.04467793,1.141886057,352.0744189,-24.31172407
